train_loss,train_subj_acc,train_ans_acc,dev_loss,dev_subj_acc,dev_ans_acc,dev_subj_f1
0.47133333627994245,0.7274118109892032,0.8593434453818245,0.3713076388835907,0.7938692524241476,0.8624491710979043,0.7970722566101641
0.4012401727321265,0.8148358613454562,0.8645954452069764,0.37004013419151305,0.7963715983734752,0.8590866437284954,0.7994039349434162
0.36640907055848126,0.8549110460287626,0.8692617038947414,0.37971105486154555,0.8048170159524555,0.8509540193931812,0.8083237077845356
0.33467905545151316,0.8848537832757791,0.8766971193775408,0.4049328266084194,0.7779167969971849,0.864013137316234,0.7829367216459776
0.3038332637290021,0.9042356952397604,0.8860536783669187,0.4140488077700138,0.7957460118861432,0.8604160150140757,0.7985423060877976
0.2741348312492971,0.9186606635485423,0.8968439917821392,0.438602235019207,0.7910541132311542,0.8570534876446668,0.7947357690219542
