train_loss,train_subj_acc,train_ans_acc,dev_loss,dev_subj_acc,dev_ans_acc,dev_subj_f1
0.4809267462300254,0.7260217685885387,0.8592472789264327,0.38685483708977697,0.7866750078198311,0.8507976227713482,0.7932696384939526
0.4094384284994819,0.8116536259124886,0.8637955151462168,0.3683916507661343,0.8013762902721301,0.8663590866437285,0.8041774709889961
0.37418201153511765,0.8531887922367444,0.8688223980417012,0.38149007797241213,0.7932436659368157,0.8776196434157022,0.7948561684412037
0.34417311111530224,0.882781833282336,0.8753682738121257,0.40065528139472006,0.7910541132311542,0.839146074444792,0.7947834976508584
0.31530515169347084,0.902216199676531,0.8843248677711238,0.40543288573622704,0.7979355645918048,0.8549421332499219,0.8020119304385093
