train_loss,train_subj_acc,train_ans_acc,dev_loss,dev_subj_acc,dev_ans_acc,dev_subj_f1
0.5055094271523135,0.7055470559951043,0.8574987979193076,0.3946173234283924,0.7763528307788552,0.8665154832655615,0.7797802266984765
0.41716417163818864,0.8072824233946759,0.8624907111946496,0.3769088430702686,0.8007507037847983,0.8647951204253989,0.8047610892450565
0.38149464971118874,0.8487651352887179,0.8670039777942912,0.4023996739089489,0.7766656240225212,0.8431341883015326,0.7842089270524688
0.351885724863806,0.8794597193687984,0.8726406434410107,0.3797746941447258,0.7966843916171411,0.8701908038786362,0.7996025545301219
0.32451870551476114,0.9008698693010447,0.8802749486383704,0.4188567289710045,0.7847982483578355,0.8450109477635283,0.7898320536723261
