train_loss,train_subj_acc,train_ans_acc,dev_loss,dev_subj_acc,dev_ans_acc,dev_subj_f1
0.4799818644907091,0.7277352799755212,0.8593128469641999,0.38712081760168077,0.7873005943071629,0.8596340319049108,0.7904868172888405
0.4093656872077422,0.8119508676836998,0.8641801809677843,0.3758121718466282,0.8029402564904599,0.8663590866437285,0.8038491441517338
0.3747604514085329,0.8537395637539887,0.8683918345936967,0.38275693997740745,0.7898029402564904,0.8719111667187989,0.794192245539605
0.3453426126458428,0.8818638807535953,0.8748677711238362,0.3845239791274071,0.7991867375664685,0.8653425086018142,0.8029981175896774
0.31661654223512103,0.9033701971412336,0.8833151199895091,0.4040901844203472,0.8007507037847983,0.8630747575852361,0.8035533818155504
